lead_min,model,brier,brier_ci_lo,brier_ci_hi,bss_vs_climatology,brier_minus_ref,delta_ci_lo,delta_ci_hi
10,diffusion,0.015174788495736087,0.013909909052343452,0.01650219243183803,0.6407662477006921,,,
10,cnn,0.014073028509114436,0.012918003204466656,0.014994840484955798,0.6668482833243545,-0.0011017599866216515,-0.0016739708515665303,-0.0007907446859921381
10,lightgbm,0.02935490118800885,0.02709116557518372,0.031567143600955,0.30507952021163853,0.014180112692272763,0.013254573544250062,0.015226335558553492
20,diffusion,0.017880966431436822,0.01638824065205639,0.019273605621639253,0.5773457162429699,,,
20,cnn,0.016748682261530885,0.015413391761290354,0.01816124559017027,0.6041096362288407,-0.0011322841699059373,-0.0013821519335988968,-0.0009353873028037438
20,lightgbm,0.030828208702994447,0.02868021956160257,0.03270221408709385,0.2713103892433536,0.012947242271557625,0.012016334044496136,0.013741035201394315
30,diffusion,0.020345971285979328,0.018546333057319106,0.021984791124061445,0.5153812337996803,,,
30,cnn,0.019161070304506832,0.01765871702442289,0.020654132681972977,0.543604278236318,-0.0011849009814724962,-0.0013969054792424187,-0.000998879951014235
30,lightgbm,0.0323336540866245,0.030114444808204424,0.03484871805647472,0.22984775069421504,0.011987682800645175,0.011164498651825791,0.012853867608829391
40,diffusion,0.021425861019905075,0.019704157212968646,0.02310225982144713,0.48803266142175317,,,
40,cnn,0.020225065993190162,0.018767548951072938,0.02174596882154836,0.5167254562379846,-0.0012007950267149126,-0.0013815500289655492,-0.0010150866635032167
40,lightgbm,0.03392176497092569,0.03163495913145582,0.03631160175751083,0.1894451422088722,0.012495903951020612,0.011766467240550079,0.01310513971436996
50,diffusion,0.022902622880855716,0.021154976421897783,0.02473876329241482,0.4478554821625885,,,
50,cnn,0.02174704719473612,0.020037170732907037,0.023802211860389538,0.47571450876213495,-0.0011555756861195941,-0.0013434747034891297,-0.0009580787574115615
50,lightgbm,0.03491498667234759,0.032777613682620416,0.03700822315739669,0.15825717509335702,0.012012363791491874,0.011355136620854349,0.012657307568984956
60,diffusion,0.024519150285812526,0.022649922359093057,0.026270511264689364,0.42073968385923144,,,
60,cnn,0.02338766809469507,0.021649371437347333,0.025347434640170023,0.44747073791674463,-0.0011314821911174548,-0.0013703794989245281,-0.000925161325891257
60,lightgbm,0.036613822785963666,0.03427425923739717,0.03932782049888509,0.13500531972384544,0.01209467250015114,0.011375846822105715,0.012754601206496198
