hour,model,n_sequences,n_pos,base_rate,pr_auc,ci_lo,ci_hi,diffusion_minus_this,delta_ci_lo,delta_ci_hi
0,diffusion,86,73269,0.03466654932776163,0.7682103426809492,0.7371436206001273,0.8003008469765933,,,
0,persistence,86,73269,0.03466654932776163,0.5767506670747429,nan,nan,0.19145967560620636,0.17286919692146463,0.21008629465327208
0,pysteps_li,86,73269,0.03466654932776163,0.5322746472800286,nan,nan,0.23593569540092063,0.19803027209317645,0.2797607539740137
0,pysteps_ir,86,73269,0.03466654932776163,0.3990998780002625,nan,nan,0.36911046468068676,0.2976523606197405,0.429507673323484
0,cnn,86,73269,0.03466654932776163,0.798055605897427,nan,nan,-0.029845263216477735,-0.03685306826776385,-0.02386200233015162
0,lightgbm,86,73269,0.03466654932776163,0.7060192426436767,nan,nan,0.06219110003727257,0.047461083313554586,0.07448494984552476
3,diffusion,98,62195,0.025823683965773808,0.7485926336269927,0.7149072128038078,0.7793488273855786,,,
3,persistence,98,62195,0.025823683965773808,0.5385622692608041,nan,nan,0.2100303643661886,0.18897043436531097,0.23712609245766614
3,pysteps_li,98,62195,0.025823683965773808,0.5468619459859814,nan,nan,0.20173068764101132,0.17758431969283384,0.2257667720325694
3,pysteps_ir,98,62195,0.025823683965773808,0.3430496300755791,nan,nan,0.4055430035514136,0.3377314046223693,0.4798594632640459
3,cnn,98,62195,0.025823683965773808,0.7793952114142855,nan,nan,-0.030802577787292784,-0.03677533516396287,-0.024506950554384198
3,lightgbm,98,62195,0.025823683965773808,0.6677421891256633,nan,nan,0.08085044450132939,0.06423724426998181,0.10323931279907728
6,diffusion,98,34338,0.014257314253826531,0.6583343173576822,0.5901488945430841,0.7032591460034303,,,
6,persistence,98,34338,0.014257314253826531,0.46117855332375374,nan,nan,0.19715576403392848,0.1700973274777251,0.22355730830719964
6,pysteps_li,98,34338,0.014257314253826531,0.44698895926160764,nan,nan,0.21134535809607458,0.18315044266632652,0.2404473348200484
6,pysteps_ir,98,34338,0.014257314253826531,0.24496690386687756,nan,nan,0.41336741349080464,0.3554717717014346,0.47580403719962266
6,cnn,98,34338,0.014257314253826531,0.7038475965023623,nan,nan,-0.04551327914468006,-0.053980359635909,-0.0362077427564751
6,lightgbm,98,34338,0.014257314253826531,0.5943195063364093,nan,nan,0.06401481102127293,0.04200744343161647,0.08276934503621942
9,diffusion,90,57328,0.02591869212962963,0.6326682112402855,0.5685440242066874,0.6821962191706404,,,
9,persistence,90,57328,0.02591869212962963,0.36417851686798397,nan,nan,0.2684896943723015,0.2437300342355739,0.29610981210974296
9,pysteps_li,90,57328,0.02591869212962963,0.42043203491472536,nan,nan,0.21223617632556013,0.1919698990010253,0.2315332681231702
9,pysteps_ir,90,57328,0.02591869212962963,0.2585184920234183,nan,nan,0.3741497192168672,0.330744245422048,0.4245546113687268
9,cnn,90,57328,0.02591869212962963,0.673965617712901,nan,nan,-0.04129740647261548,-0.04835640304445253,-0.032856131507902404
9,lightgbm,90,57328,0.02591869212962963,0.5201469583921905,nan,nan,0.112521252848095,0.09025603617787388,0.13509879218342066
12,diffusion,93,178982,0.07830963681675628,0.6771749878033096,0.6478627704754476,0.7057310374611704,,,
12,persistence,93,178982,0.07830963681675628,0.4107289742172642,nan,nan,0.26644601358604547,0.247509987186913,0.28375182954974537
12,pysteps_li,93,178982,0.07830963681675628,0.4541623463423509,nan,nan,0.22301264146095873,0.20847702232523146,0.23649148585586208
12,pysteps_ir,93,178982,0.07830963681675628,0.39514592252684677,nan,nan,0.2820290652764629,0.2517453118044708,0.32189047865057346
12,cnn,93,178982,0.07830963681675628,0.7213038885193396,nan,nan,-0.04412890071602993,-0.06783169505456303,-0.032634374515145205
12,lightgbm,93,178982,0.07830963681675628,0.56906139089437,nan,nan,0.10811359690893962,0.09190930141589361,0.12579633329735818
15,diffusion,88,199957,0.09245762680516098,0.7342258361670334,0.712125637571225,0.7568093951222427,,,
15,persistence,88,199957,0.09245762680516098,0.5240839340294445,nan,nan,0.21014190213758888,0.1928593423100891,0.22751610251842855
15,pysteps_li,88,199957,0.09245762680516098,0.5362336925756811,nan,nan,0.1979921435913523,0.1825829967810152,0.21542660285364873
15,pysteps_ir,88,199957,0.09245762680516098,0.49919206394145543,nan,nan,0.23503377222557797,0.20059045102990714,0.2721528407479672
15,cnn,88,199957,0.09245762680516098,0.7752189582064709,nan,nan,-0.0409931220394375,-0.05074851416534272,-0.03368642009726797
15,lightgbm,88,199957,0.09245762680516098,0.6508570603926929,nan,nan,0.08336877577434054,0.07238953277519021,0.09561056090836935
18,diffusion,99,132795,0.05458022608901515,0.7654333753509891,0.7409613202144042,0.7884926476874662,,,
18,persistence,99,132795,0.05458022608901515,0.5653589392932072,nan,nan,0.20007443605778186,0.18359400881590027,0.2167055002594942
18,pysteps_li,99,132795,0.05458022608901515,0.588938063662738,nan,nan,0.17649531168825106,0.16342606501503879,0.191602405878421
18,pysteps_ir,99,132795,0.05458022608901515,0.4655259755618012,nan,nan,0.2999073997891879,0.25039161834786994,0.34877384154273366
18,cnn,99,132795,0.05458022608901515,0.7962252428443612,nan,nan,-0.03079186749337215,-0.03579503107164055,-0.02612866038408549
18,lightgbm,99,132795,0.05458022608901515,0.6831177786924395,nan,nan,0.0823155966585496,0.07075757094758084,0.09514543870585353
21,diffusion,96,69331,0.02938630845811632,0.7498662269315957,0.7151740578621514,0.7806592635882068,,,
21,persistence,96,69331,0.02938630845811632,0.5337992193392084,nan,nan,0.21606700759238728,0.1950360140072201,0.2427829689360864
21,pysteps_li,96,69331,0.02938630845811632,0.5363329514808891,nan,nan,0.21353327545070655,0.19319015952924393,0.23655693977198872
21,pysteps_ir,96,69331,0.02938630845811632,0.3979069510506801,nan,nan,0.3519592758809156,0.2760344449552505,0.40824844975172697
21,cnn,96,69331,0.02938630845811632,0.7811473862622613,nan,nan,-0.031281159330665664,-0.03816415089828093,-0.02490097568814546
21,lightgbm,96,69331,0.02938630845811632,0.6606685136930635,nan,nan,0.0891977132385322,0.07408912909103726,0.10139917179824989
