regime,lead_min,model,n_pixels,n_pos,base_rate,pr_auc,ci_lo,ci_hi,diffusion_minus_this,delta_ci_lo,delta_ci_hi
initiation,10,diffusion,2643731,2456,0.0009289901279668771,0.03526017888303051,0.025451233310561212,0.04799487660459604,,,
initiation,10,persistence,2643731,2456,0.0009289901279668771,0.0026075369354206317,nan,nan,0.03265264194760988,0.023205773067721376,0.046676114653239585
initiation,10,pysteps_li,2643731,2456,0.0009289901279668771,0.00393708194287109,nan,nan,0.031323096940159424,0.021417488459677145,0.044019483179419575
initiation,10,pysteps_ir,2643731,2456,0.0009289901279668771,0.0010828094070764636,nan,nan,0.034177369475954046,0.024901114866953223,0.04694689761354731
initiation,10,cnn,2643731,2456,0.0009289901279668771,0.057348619405518525,nan,nan,-0.022088440522488012,-0.033261558588562785,-0.010356553778284303
initiation,10,lightgbm,2643731,2456,0.0009289901279668771,0.009956572104471317,nan,nan,0.025303606778559196,0.016301981306853654,0.03652736636371722
initiation,20,diffusion,2643731,5374,0.002032733284891693,0.07547398098286537,0.060830523752656206,0.09489674976371971,,,
initiation,20,persistence,2643731,5374,0.002032733284891693,0.0034281781941361274,nan,nan,0.07204580278872924,0.05819255514030528,0.090452199150913
initiation,20,pysteps_li,2643731,5374,0.002032733284891693,0.006732570289366965,nan,nan,0.0687414106934984,0.05660010264861417,0.08439652688776565
initiation,20,pysteps_ir,2643731,5374,0.002032733284891693,0.0021913844653053817,nan,nan,0.07328259651755999,0.05985132777502279,0.09078652502851603
initiation,20,cnn,2643731,5374,0.002032733284891693,0.09538658791331088,nan,nan,-0.01991260693044551,-0.03063768888859087,-0.008054606922885666
initiation,20,lightgbm,2643731,5374,0.002032733284891693,0.017432096931734434,nan,nan,0.058041884051130935,0.046521920025956696,0.07334491325552593
initiation,30,diffusion,2643731,9405,0.0035574723752151787,0.09168999984459031,0.07511481689284898,0.1081734579352833,,,
initiation,30,persistence,2643731,9405,0.0035574723752151787,0.005088209536773182,nan,nan,0.08660179030781713,0.07007523873953947,0.10283690077626986
initiation,30,pysteps_li,2643731,9405,0.0035574723752151787,0.010248418865490695,nan,nan,0.08144158097909962,0.06659924765953186,0.0944075721383809
initiation,30,pysteps_ir,2643731,9405,0.0035574723752151787,0.003922995774834539,nan,nan,0.08776700406975577,0.07320847395997084,0.10306649482112601
initiation,30,cnn,2643731,9405,0.0035574723752151787,0.11288067662136915,nan,nan,-0.02119067677677884,-0.029991984741022947,-0.012073450574333622
initiation,30,lightgbm,2643731,9405,0.0035574723752151787,0.02391211693371964,nan,nan,0.06777788291087067,0.05578873866649285,0.08349628329679394
initiation,40,diffusion,2643731,11671,0.00441459437438983,0.1305289039119931,0.11414486432081421,0.14740200454860816,,,
initiation,40,persistence,2643731,11671,0.00441459437438983,0.006335210598537798,nan,nan,0.1241936933134553,0.10808352612843528,0.14130941687372323
initiation,40,pysteps_li,2643731,11671,0.00441459437438983,0.01368335007977421,nan,nan,0.11684555383221888,0.10195717249662059,0.13429944122991502
initiation,40,pysteps_ir,2643731,11671,0.00441459437438983,0.0056286995659787335,nan,nan,0.12490020434601436,0.10968384390267448,0.14156887306183147
initiation,40,cnn,2643731,11671,0.00441459437438983,0.16200561285003612,nan,nan,-0.031476708938043024,-0.04236423083933111,-0.02287433440256216
initiation,40,lightgbm,2643731,11671,0.00441459437438983,0.028796137376131622,nan,nan,0.10173276653586147,0.0869495909394854,0.11729050777661094
initiation,50,diffusion,2643731,16431,0.006215080127289803,0.1574240916289395,0.13673176691078548,0.1801129473936899,,,
initiation,50,persistence,2643731,16431,0.006215080127289803,0.007859536537851647,nan,nan,0.14956455509108785,0.13118469052853257,0.16930470856243665
initiation,50,pysteps_li,2643731,16431,0.006215080127289803,0.017995760042520008,nan,nan,0.13942833158641948,0.12037518118210357,0.16030473537227544
initiation,50,pysteps_ir,2643731,16431,0.006215080127289803,0.008683298794898747,nan,nan,0.14874079283404076,0.12824819532953594,0.16863958930046138
initiation,50,cnn,2643731,16431,0.006215080127289803,0.18951657747669917,nan,nan,-0.03209248584775967,-0.04464649335773641,-0.020055095001106815
initiation,50,lightgbm,2643731,16431,0.006215080127289803,0.034725447336019975,nan,nan,0.12269864429291952,0.10641099887258415,0.13980077751641998
initiation,60,diffusion,2643731,22952,0.008681669958100881,0.18724998411204524,0.1650396866884212,0.2105953711489038,,,
initiation,60,persistence,2643731,22952,0.008681669958100881,0.01051769287342292,nan,nan,0.17673229123862233,0.15701402133720016,0.202279546144591
initiation,60,pysteps_li,2643731,22952,0.008681669958100881,0.024372143193692557,nan,nan,0.1628778409183527,0.1421271130163172,0.18368387668474975
initiation,60,pysteps_ir,2643731,22952,0.008681669958100881,0.01327982413987741,nan,nan,0.17397015997216783,0.15125989005300217,0.19895126724755288
initiation,60,cnn,2643731,22952,0.008681669958100881,0.2236572955923457,nan,nan,-0.036407311480300464,-0.046018766266418876,-0.027315313805055193
initiation,60,lightgbm,2643731,22952,0.008681669958100881,0.041136144697582734,nan,nan,0.14611383941446252,0.12621704720947768,0.17061031973958254
continuation,10,diffusion,420077,132950,0.3164895959550273,0.8528681510172947,0.8399028078268241,0.8619398508876953,,,
continuation,10,persistence,420077,132950,0.3164895959550273,0.7891729239522629,nan,nan,0.06369522706503183,0.05749321104059212,0.07235043864818037
continuation,10,pysteps_li,420077,132950,0.3164895959550273,0.7885266489089114,nan,nan,0.0643415021083833,0.05690855483534554,0.07241417112150723
continuation,10,pysteps_ir,420077,132950,0.3164895959550273,0.8100042490524788,nan,nan,0.04286390196481593,0.03794787131676895,0.04892919777342901
continuation,10,cnn,420077,132950,0.3164895959550273,0.8778493069041888,nan,nan,-0.02498115588689409,-0.03273014235421921,-0.019365653926994252
continuation,10,lightgbm,420077,132950,0.3164895959550273,0.8337488711104792,nan,nan,0.0191192799068155,0.014768623152256546,0.024305798033749486
continuation,20,diffusion,420077,130248,0.31005744184994655,0.8089401239127315,0.7968128760001931,0.8185522094537768,,,
continuation,20,persistence,420077,130248,0.31005744184994655,0.710122063794395,nan,nan,0.09881806011833649,0.09032160219052378,0.10748307563727263
continuation,20,pysteps_li,420077,130248,0.31005744184994655,0.7016884255757291,nan,nan,0.10725169833700243,0.09725786495051504,0.11696504834009422
continuation,20,pysteps_ir,420077,130248,0.31005744184994655,0.7247722946645788,nan,nan,0.08416782924815269,0.07617677483562928,0.09302456956558212
continuation,20,cnn,420077,130248,0.31005744184994655,0.8378585359904202,nan,nan,-0.028918412077688638,-0.03469346494436334,-0.025606642864330304
continuation,20,lightgbm,420077,130248,0.31005744184994655,0.7542513505332086,nan,nan,0.05468877337952294,0.046832819385711114,0.06344652324109827
continuation,30,diffusion,420077,125132,0.29787872223425704,0.7616127349421151,0.748946510696007,0.7736816668097032,,,
continuation,30,persistence,420077,125132,0.29787872223425704,0.6285522190971174,nan,nan,0.13306051584499767,0.1244679263680358,0.14364435516814134
continuation,30,pysteps_li,420077,125132,0.29787872223425704,0.6187006741623006,nan,nan,0.14291206077981455,0.13280980652946106,0.15165347748378835
continuation,30,pysteps_ir,420077,125132,0.29787872223425704,0.634695506589143,nan,nan,0.12691722835297214,0.11699233401299641,0.13607651107240193
continuation,30,cnn,420077,125132,0.29787872223425704,0.7944476632235793,nan,nan,-0.03283492828146417,-0.03727997933613989,-0.02890245856444515
continuation,30,lightgbm,420077,125132,0.29787872223425704,0.6728972112108135,nan,nan,0.08871552373130165,0.079912641038732,0.09711011907367287
continuation,40,diffusion,420077,122418,0.29141800193774,0.7381768386365755,0.7264013821771677,0.7490100470061126,,,
continuation,40,persistence,420077,122418,0.29141800193774,0.5626601920690273,nan,nan,0.17551664656754817,0.1658155347857319,0.18587992137970705
continuation,40,pysteps_li,420077,122418,0.29141800193774,0.563837659440057,nan,nan,0.17433917919651842,0.16460547890771748,0.18358161271975462
continuation,40,pysteps_ir,420077,122418,0.29141800193774,0.567153543696247,nan,nan,0.17102329494032842,0.16107373343564163,0.18089979930784303
continuation,40,cnn,420077,122418,0.29141800193774,0.772101910438714,nan,nan,-0.03392507180213855,-0.03859228089438894,-0.029626766489725127
continuation,40,lightgbm,420077,122418,0.29141800193774,0.6089067319179912,nan,nan,0.1292701067185843,0.1206299655354762,0.13911573337183336
continuation,50,diffusion,420077,116414,0.27712538415576193,0.7053170784918429,0.6880508096182733,0.7205477176056371,,,
continuation,50,persistence,420077,116414,0.27712538415576193,0.49214418989590436,nan,nan,0.21317288859593853,0.20172404725484686,0.2254091543724573
continuation,50,pysteps_li,420077,116414,0.27712538415576193,0.5025266785483403,nan,nan,0.20279039994350256,0.1936716578720095,0.2128365982026134
continuation,50,pysteps_ir,420077,116414,0.27712538415576193,0.5022465809223818,nan,nan,0.20307049756946105,0.1931370954137878,0.21268246333188517
continuation,50,cnn,420077,116414,0.27712538415576193,0.7409103375188185,nan,nan,-0.03559325902697563,-0.0403280322603923,-0.029713259963357337
continuation,50,lightgbm,420077,116414,0.27712538415576193,0.5305130575607818,nan,nan,0.17480402093106107,0.16549865061341598,0.18551627374324792
continuation,60,diffusion,420077,112744,0.2683888906081504,0.6924105892761375,0.6783582798354603,0.7050951486629602,,,
continuation,60,persistence,420077,112744,0.2683888906081504,0.4380600550985044,nan,nan,0.25435053417763315,0.24440917863421469,0.26666688533487426
continuation,60,pysteps_li,420077,112744,0.2683888906081504,0.46020741886746763,nan,nan,0.2322031704086699,0.22258382687499118,0.2422792543585904
continuation,60,pysteps_ir,420077,112744,0.2683888906081504,0.46074034143378273,nan,nan,0.2316702478423548,0.22236934983583898,0.24063967010294313
continuation,60,cnn,420077,112744,0.2683888906081504,0.7295029603864018,nan,nan,-0.03709237111026431,-0.042111636170400105,-0.03234318685030482
continuation,60,lightgbm,420077,112744,0.2683888906081504,0.47573112542686496,nan,nan,0.21667946384927256,0.2071490790803807,0.22811000932310832
