region,model,n_sequences,n_pos,base_rate,pr_auc,ci_lo,ci_hi,diffusion_minus_this,delta_ci_lo,delta_ci_hi
central_africa_1,diffusion,187,195791,0.04260297425077986,0.6526041550069906,0.6275082680963051,0.6718995466964336,,,
central_africa_1,persistence,187,195791,0.04260297425077986,0.4286467747542907,nan,nan,0.22395738025269996,0.20712936599699003,0.24037758257572286
central_africa_1,pysteps_li,187,195791,0.04260297425077986,0.434736993595498,nan,nan,0.21786716141149265,0.20225398864531224,0.23265834571216104
central_africa_1,pysteps_ir,187,195791,0.04260297425077986,0.38374981933586194,nan,nan,0.2688543356711287,0.23408473596473112,0.2981243405388226
central_africa_1,cnn,187,195791,0.04260297425077986,0.6996709037774552,nan,nan,-0.04706674877046457,-0.05689076382695556,-0.038770669682613536
central_africa_1,lightgbm,187,195791,0.04260297425077986,0.5680799783684347,nan,nan,0.08452417663855594,0.07334780550277806,0.09682298818882384
central_africa_2,diffusion,187,279522,0.06082234918114973,0.7677683264576387,0.7448185566569997,0.7824048124092526,,,
central_africa_2,persistence,187,279522,0.06082234918114973,0.5493389070139177,nan,nan,0.21842941944372096,0.2024614549545835,0.23504272582683847
central_africa_2,pysteps_li,187,279522,0.06082234918114973,0.570167370366345,nan,nan,0.1976009560912937,0.1863436633382055,0.20904401700362346
central_africa_2,pysteps_ir,187,279522,0.06082234918114973,0.5355696318654648,nan,nan,0.2321986945921739,0.20560388450215802,0.2553627826242053
central_africa_2,cnn,187,279522,0.06082234918114973,0.8000192488778464,nan,nan,-0.03225092242020766,-0.04266969796818223,-0.024977188967492077
central_africa_2,lightgbm,187,279522,0.06082234918114973,0.6838584898633406,nan,nan,0.08390983659429807,0.07356785188847145,0.09331770693301189
central_africa_3,diffusion,187,67878,0.014769855030080214,0.65357134524678,0.6118731256823525,0.684118305733917,,,
central_africa_3,persistence,187,67878,0.014769855030080214,0.36781155869488574,nan,nan,0.2857597865518942,0.26380547438498786,0.30448084165596084
central_africa_3,pysteps_li,187,67878,0.014769855030080214,0.4093772542639761,nan,nan,0.24419409098280387,0.221938667094889,0.2624003426652538
central_africa_3,pysteps_ir,187,67878,0.014769855030080214,0.1407409401701959,nan,nan,0.5128304050765841,0.48136387684076654,0.5412092391048503
central_africa_3,cnn,187,67878,0.014769855030080214,0.6866255294983217,nan,nan,-0.03305418425154172,-0.03894656949625988,-0.02754593425648404
central_africa_3,lightgbm,187,67878,0.014769855030080214,0.5245114029007487,nan,nan,0.12905994234603124,0.11177907983513007,0.14772314731649436
central_africa_4,diffusion,187,265004,0.057663317457664884,0.742113832275466,0.7229988831225453,0.7601090230104355,,,
central_africa_4,persistence,187,265004,0.057663317457664884,0.5235848671422922,nan,nan,0.21852896513317377,0.20429166984278033,0.23224576308185335
central_africa_4,pysteps_li,187,265004,0.057663317457664884,0.539516257946491,nan,nan,0.20259757432897496,0.18699470421107972,0.22558074976195844
central_africa_4,pysteps_ir,187,265004,0.057663317457664884,0.5026132785517996,nan,nan,0.2395005537236664,0.21080370568251489,0.2680783299385157
central_africa_4,cnn,187,265004,0.057663317457664884,0.7796997660146633,nan,nan,-0.037585933739197275,-0.04158709331689706,-0.0337761085744152
central_africa_4,lightgbm,187,265004,0.057663317457664884,0.6608027006166342,nan,nan,0.08131113165883186,0.06976310162724995,0.09083077436324803
